{"cameraMode":{"drawMode":0,"name":"Shaded","section":"Shading Mode"},"sceneLighting":true,"audioPlay":false,"sceneViewState":{"showFog":true,"showMaterialUpdate":false,"showSkybox":true,"showFlares":true,"showImageEffects":true,"showParticleSystems":true},"in2DMode":false,"pivot":{"x":-0.02685546875,"y":5.07666015625,"z":-0.90625},"rotation":{"x":-0.09285561740398407,"y":0.014935036189854145,"z":0.0013931948924437166,"w":0.9955666661262512},"size":17.917661666870118,"orthographic":true}